{"graph": {"_type": "graph-file", "sha256": "4ae3b918455caa504ca597dbd7a8d3eddb4e1294a77d3dac70de552f0312b253", "size": 9962, "path": "media/graph/graph_summary_4ae3b918455caa504ca5.graph.json"}, "epoch": 0, "_timestamp": 1705674594.7352629, "val_loss": 2.2081894092559815, "loss": 162.6681070905205, "lr": 0.00048000001697801054, "_runtime": 507.3260598182678, "_step": 0, "best_val_loss": 2.2081894092559815, "best_epoch": 0, "_wandb": {"runtime": 507}}