{"graph": {"_type": "graph-file", "sha256": "f0b255ae3c27e93f1f1ea5928f04a41267a9581c2a21627ba47bb7e7c5ef04e0", "size": 9867, "path": "media/graph/graph_summary_f0b255ae3c27e93f1f1e.graph.json"}, "epoch": 0, "_timestamp": 1707480089.274717, "loss": 5.544600009918213, "val_loss": 1.3190028667449951, "lr": 0.00048000001697801054, "_runtime": 1534.1056520938873, "_step": 0, "best_val_loss": 1.3190028667449951, "best_epoch": 0, "_wandb": {"runtime": 1542}}