{"graph": {"_type": "graph-file", "sha256": "03d10b8f5fea2149402804e9cf093213a58c77576c4f419403d549322bd19257", "size": 9868, "path": "media/graph/graph_summary_03d10b8f5fea21494028.graph.json"}, "epoch": 1, "_timestamp": 1705925665.664795, "loss": 1.9357538223266602, "val_loss": 2.024876832962036, "lr": 0.00048000001697801054, "_runtime": 513.9709119796753, "_step": 1, "best_val_loss": 2.024876832962036, "best_epoch": 1, "_wandb": {"runtime": 566}}