{"graph": {"_type": "graph-file", "sha256": "4ae3b918455caa504ca597dbd7a8d3eddb4e1294a77d3dac70de552f0312b253", "size": 9962, "path": "media/graph/graph_summary_4ae3b918455caa504ca5.graph.json"}, "epoch": 0, "_timestamp": 1705579416.063291, "val_loss": 3.390800630569458, "loss": 101.90949741192364, "lr": 0.00048000001697801054, "_runtime": 507.8990240097046, "_step": 0, "best_val_loss": 3.390800630569458, "best_epoch": 0, "_wandb": {"runtime": 507}}