epoch,loss,val_loss
0,5.544600009918213,1.3190028667449951
